sample_name,read1,read2
12122025_RK_001_01-1E,/group/pathogens/IAWS/Projects/Biocontrol/gorse/AGRF_NXGSQCAGRF25080393-2_23MVYYLT3_gbs-2/fastq/12122025_RK_001_01-1E_CTCAG_1.fastq.gz,/group/pathogens/IAWS/Projects/Biocontrol/gorse/AGRF_NXGSQCAGRF25080393-2_23MVYYLT3_gbs-2/fastq/12122025_RK_001_01-1E_CTCAG_2.fastq.gz
12122025_RK_001_02-1E,/group/pathogens/IAWS/Projects/Biocontrol/gorse/AGRF_NXGSQCAGRF25080393-2_23MVYYLT3_gbs-2/fastq/12122025_RK_001_02-1E_TCTGG_1.fastq.gz,/group/pathogens/IAWS/Projects/Biocontrol/gorse/AGRF_NXGSQCAGRF25080393-2_23MVYYLT3_gbs-2/fastq/12122025_RK_001_02-1E_TCTGG_2.fastq.gz
12122025_RK_001_03-1E,/group/pathogens/IAWS/Projects/Biocontrol/gorse/AGRF_NXGSQCAGRF25080393-2_23MVYYLT3_gbs-2/fastq/12122025_RK_001_03-1E_CGGCA_1.fastq.gz,/group/pathogens/IAWS/Projects/Biocontrol/gorse/AGRF_NXGSQCAGRF25080393-2_23MVYYLT3_gbs-2/fastq/12122025_RK_001_03-1E_CGGCA_2.fastq.gz
12122025_RK_001_04-1E,/group/pathogens/IAWS/Projects/Biocontrol/gorse/AGRF_NXGSQCAGRF25080393-2_23MVYYLT3_gbs-2/fastq/12122025_RK_001_04-1E_GAAGA_1.fastq.gz,/group/pathogens/IAWS/Projects/Biocontrol/gorse/AGRF_NXGSQCAGRF25080393-2_23MVYYLT3_gbs-2/fastq/12122025_RK_001_04-1E_GAAGA_2.fastq.gz
12122025_RK_001_05-1E,/group/pathogens/IAWS/Projects/Biocontrol/gorse/AGRF_NXGSQCAGRF25080393-2_23MVYYLT3_gbs-2/fastq/12122025_RK_001_05-1E_ACGAG_1.fastq.gz,/group/pathogens/IAWS/Projects/Biocontrol/gorse/AGRF_NXGSQCAGRF25080393-2_23MVYYLT3_gbs-2/fastq/12122025_RK_001_05-1E_ACGAG_2.fastq.gz
20250129_DD_01_01-1E,/group/pathogens/IAWS/Projects/Biocontrol/gorse/AGRF_NXGSQCAGRF25080393-2_23MVYYLT3_gbs-2/fastq/20250129_DD_01_01-1E_GGTCGTAA_1.fastq.gz,/group/pathogens/IAWS/Projects/Biocontrol/gorse/AGRF_NXGSQCAGRF25080393-2_23MVYYLT3_gbs-2/fastq/20250129_DD_01_01-1E_GGTCGTAA_2.fastq.gz
20250129_DD_01_02-1E,/group/pathogens/IAWS/Projects/Biocontrol/gorse/AGRF_NXGSQCAGRF25080393-2_23MVYYLT3_gbs-2/fastq/20250129_DD_01_02-1E_AACGAATT_1.fastq.gz,/group/pathogens/IAWS/Projects/Biocontrol/gorse/AGRF_NXGSQCAGRF25080393-2_23MVYYLT3_gbs-2/fastq/20250129_DD_01_02-1E_AACGAATT_2.fastq.gz
20250129_DD_01_03-1E,/group/pathogens/IAWS/Projects/Biocontrol/gorse/AGRF_NXGSQCAGRF25080393-2_23MVYYLT3_gbs-2/fastq/20250129_DD_01_03-1E_CCAATCAG_1.fastq.gz,/group/pathogens/IAWS/Projects/Biocontrol/gorse/AGRF_NXGSQCAGRF25080393-2_23MVYYLT3_gbs-2/fastq/20250129_DD_01_03-1E_CCAATCAG_2.fastq.gz
20250129_DD_01_04-1E,/group/pathogens/IAWS/Projects/Biocontrol/gorse/AGRF_NXGSQCAGRF25080393-2_23MVYYLT3_gbs-2/fastq/20250129_DD_01_04-1E_TTGTCTGA_1.fastq.gz,/group/pathogens/IAWS/Projects/Biocontrol/gorse/AGRF_NXGSQCAGRF25080393-2_23MVYYLT3_gbs-2/fastq/20250129_DD_01_04-1E_TTGTCTGA_2.fastq.gz
20251125_GL_005_01-1B,/group/pathogens/IAWS/Projects/Biocontrol/gorse/AGRF_NXGSQCAGRF25080393-2_23MVYYLT3_gbs-2/fastq/20251125_GL_005_01-1B_AACT_1.fastq.gz,/group/pathogens/IAWS/Projects/Biocontrol/gorse/AGRF_NXGSQCAGRF25080393-2_23MVYYLT3_gbs-2/fastq/20251125_GL_005_01-1B_AACT_2.fastq.gz
20251125_GL_005_02-1B,/group/pathogens/IAWS/Projects/Biocontrol/gorse/AGRF_NXGSQCAGRF25080393-2_23MVYYLT3_gbs-2/fastq/20251125_GL_005_02-1B_CCAG_1.fastq.gz,/group/pathogens/IAWS/Projects/Biocontrol/gorse/AGRF_NXGSQCAGRF25080393-2_23MVYYLT3_gbs-2/fastq/20251125_GL_005_02-1B_CCAG_2.fastq.gz
20251125_GL_005_03-1B,/group/pathogens/IAWS/Projects/Biocontrol/gorse/AGRF_NXGSQCAGRF25080393-2_23MVYYLT3_gbs-2/fastq/20251125_GL_005_03-1B_TTGA_1.fastq.gz,/group/pathogens/IAWS/Projects/Biocontrol/gorse/AGRF_NXGSQCAGRF25080393-2_23MVYYLT3_gbs-2/fastq/20251125_GL_005_03-1B_TTGA_2.fastq.gz
20251125_GL_005_04-1B,/group/pathogens/IAWS/Projects/Biocontrol/gorse/AGRF_NXGSQCAGRF25080393-2_23MVYYLT3_gbs-2/fastq/20251125_GL_005_04-1B_GGTA_1.fastq.gz,/group/pathogens/IAWS/Projects/Biocontrol/gorse/AGRF_NXGSQCAGRF25080393-2_23MVYYLT3_gbs-2/fastq/20251125_GL_005_04-1B_GGTA_2.fastq.gz
20251125_GL_005_05-1B,/group/pathogens/IAWS/Projects/Biocontrol/gorse/AGRF_NXGSQCAGRF25080393-2_23MVYYLT3_gbs-2/fastq/20251125_GL_005_05-1B_ATTG_1.fastq.gz,/group/pathogens/IAWS/Projects/Biocontrol/gorse/AGRF_NXGSQCAGRF25080393-2_23MVYYLT3_gbs-2/fastq/20251125_GL_005_05-1B_ATTG_2.fastq.gz
20251201_JS_001_01-1B,/group/pathogens/IAWS/Projects/Biocontrol/gorse/AGRF_NXGSQCAGRF25080393-2_23MVYYLT3_gbs-2/fastq/20251201_JS_001_01-1B_TATAA_1.fastq.gz,/group/pathogens/IAWS/Projects/Biocontrol/gorse/AGRF_NXGSQCAGRF25080393-2_23MVYYLT3_gbs-2/fastq/20251201_JS_001_01-1B_TATAA_2.fastq.gz
20251201_JS_001_02-1B,/group/pathogens/IAWS/Projects/Biocontrol/gorse/AGRF_NXGSQCAGRF25080393-2_23MVYYLT3_gbs-2/fastq/20251201_JS_001_02-1B_GAGCG_1.fastq.gz,/group/pathogens/IAWS/Projects/Biocontrol/gorse/AGRF_NXGSQCAGRF25080393-2_23MVYYLT3_gbs-2/fastq/20251201_JS_001_02-1B_GAGCG_2.fastq.gz
20251201_JS_001_03-1B,/group/pathogens/IAWS/Projects/Biocontrol/gorse/AGRF_NXGSQCAGRF25080393-2_23MVYYLT3_gbs-2/fastq/20251201_JS_001_03-1B_ACATA_1.fastq.gz,/group/pathogens/IAWS/Projects/Biocontrol/gorse/AGRF_NXGSQCAGRF25080393-2_23MVYYLT3_gbs-2/fastq/20251201_JS_001_03-1B_ACATA_2.fastq.gz
20251201_JS_001_04-1B,/group/pathogens/IAWS/Projects/Biocontrol/gorse/AGRF_NXGSQCAGRF25080393-2_23MVYYLT3_gbs-2/fastq/20251201_JS_001_04-1B_CTCAG_1.fastq.gz,/group/pathogens/IAWS/Projects/Biocontrol/gorse/AGRF_NXGSQCAGRF25080393-2_23MVYYLT3_gbs-2/fastq/20251201_JS_001_04-1B_CTCAG_2.fastq.gz
20251201_JS_001_05-1B,/group/pathogens/IAWS/Projects/Biocontrol/gorse/AGRF_NXGSQCAGRF25080393-2_23MVYYLT3_gbs-2/fastq/20251201_JS_001_05-1B_TCTGG_1.fastq.gz,/group/pathogens/IAWS/Projects/Biocontrol/gorse/AGRF_NXGSQCAGRF25080393-2_23MVYYLT3_gbs-2/fastq/20251201_JS_001_05-1B_TCTGG_2.fastq.gz
20251201_JS_002_01-1B,/group/pathogens/IAWS/Projects/Biocontrol/gorse/AGRF_NXGSQCAGRF25080393-2_23MVYYLT3_gbs-2/fastq/20251201_JS_002_01-1B_AACGAATT_1.fastq.gz,/group/pathogens/IAWS/Projects/Biocontrol/gorse/AGRF_NXGSQCAGRF25080393-2_23MVYYLT3_gbs-2/fastq/20251201_JS_002_01-1B_AACGAATT_2.fastq.gz
20251201_JS_002_02-1B,/group/pathogens/IAWS/Projects/Biocontrol/gorse/AGRF_NXGSQCAGRF25080393-2_23MVYYLT3_gbs-2/fastq/20251201_JS_002_02-1B_CCAATCAG_1.fastq.gz,/group/pathogens/IAWS/Projects/Biocontrol/gorse/AGRF_NXGSQCAGRF25080393-2_23MVYYLT3_gbs-2/fastq/20251201_JS_002_02-1B_CCAATCAG_2.fastq.gz
20251201_JS_002_03-1B,/group/pathogens/IAWS/Projects/Biocontrol/gorse/AGRF_NXGSQCAGRF25080393-2_23MVYYLT3_gbs-2/fastq/20251201_JS_002_03-1B_TTGTCTGA_1.fastq.gz,/group/pathogens/IAWS/Projects/Biocontrol/gorse/AGRF_NXGSQCAGRF25080393-2_23MVYYLT3_gbs-2/fastq/20251201_JS_002_03-1B_TTGTCTGA_2.fastq.gz
20251201_JS_002_04-1B,/group/pathogens/IAWS/Projects/Biocontrol/gorse/AGRF_NXGSQCAGRF25080393-2_23MVYYLT3_gbs-2/fastq/20251201_JS_002_04-1B_GGTGAGCT_1.fastq.gz,/group/pathogens/IAWS/Projects/Biocontrol/gorse/AGRF_NXGSQCAGRF25080393-2_23MVYYLT3_gbs-2/fastq/20251201_JS_002_04-1B_GGTGAGCT_2.fastq.gz
20251203_JS_007_01-1B,/group/pathogens/IAWS/Projects/Biocontrol/gorse/AGRF_NXGSQCAGRF25080393-2_23MVYYLT3_gbs-2/fastq/20251203_JS_007_01-1B_GACCTCA_1.fastq.gz,/group/pathogens/IAWS/Projects/Biocontrol/gorse/AGRF_NXGSQCAGRF25080393-2_23MVYYLT3_gbs-2/fastq/20251203_JS_007_01-1B_GACCTCA_2.fastq.gz
20251203_JS_007_02-1B,/group/pathogens/IAWS/Projects/Biocontrol/gorse/AGRF_NXGSQCAGRF25080393-2_23MVYYLT3_gbs-2/fastq/20251203_JS_007_02-1B_ACTCGCA_1.fastq.gz,/group/pathogens/IAWS/Projects/Biocontrol/gorse/AGRF_NXGSQCAGRF25080393-2_23MVYYLT3_gbs-2/fastq/20251203_JS_007_02-1B_ACTCGCA_2.fastq.gz
20251203_JS_007_03-1B,/group/pathogens/IAWS/Projects/Biocontrol/gorse/AGRF_NXGSQCAGRF25080393-2_23MVYYLT3_gbs-2/fastq/20251203_JS_007_03-1B_CTAGACA_1.fastq.gz,/group/pathogens/IAWS/Projects/Biocontrol/gorse/AGRF_NXGSQCAGRF25080393-2_23MVYYLT3_gbs-2/fastq/20251203_JS_007_03-1B_CTAGACA_2.fastq.gz
20251203_JS_007_04-1B,/group/pathogens/IAWS/Projects/Biocontrol/gorse/AGRF_NXGSQCAGRF25080393-2_23MVYYLT3_gbs-2/fastq/20251203_JS_007_04-1B_GAGTCCA_1.fastq.gz,/group/pathogens/IAWS/Projects/Biocontrol/gorse/AGRF_NXGSQCAGRF25080393-2_23MVYYLT3_gbs-2/fastq/20251203_JS_007_04-1B_GAGTCCA_2.fastq.gz
20251204_GL_001_01-1B,/group/pathogens/IAWS/Projects/Biocontrol/gorse/AGRF_NXGSQCAGRF25080393-2_23MVYYLT3_gbs-2/fastq/20251204_GL_001_01-1B_AACAACGT_1.fastq.gz,/group/pathogens/IAWS/Projects/Biocontrol/gorse/AGRF_NXGSQCAGRF25080393-2_23MVYYLT3_gbs-2/fastq/20251204_GL_001_01-1B_AACAACGT_2.fastq.gz
20251204_GL_001_02-1B,/group/pathogens/IAWS/Projects/Biocontrol/gorse/AGRF_NXGSQCAGRF25080393-2_23MVYYLT3_gbs-2/fastq/20251204_GL_001_02-1B_CCACCATG_1.fastq.gz,/group/pathogens/IAWS/Projects/Biocontrol/gorse/AGRF_NXGSQCAGRF25080393-2_23MVYYLT3_gbs-2/fastq/20251204_GL_001_02-1B_CCACCATG_2.fastq.gz
20251204_GL_001_03-1B,/group/pathogens/IAWS/Projects/Biocontrol/gorse/AGRF_NXGSQCAGRF25080393-2_23MVYYLT3_gbs-2/fastq/20251204_GL_001_03-1B_TTGTTGCA_1.fastq.gz,/group/pathogens/IAWS/Projects/Biocontrol/gorse/AGRF_NXGSQCAGRF25080393-2_23MVYYLT3_gbs-2/fastq/20251204_GL_001_03-1B_TTGTTGCA_2.fastq.gz
20251204_GL_001_04-1B,/group/pathogens/IAWS/Projects/Biocontrol/gorse/AGRF_NXGSQCAGRF25080393-2_23MVYYLT3_gbs-2/fastq/20251204_GL_001_04-1B_GGTCGTAA_1.fastq.gz,/group/pathogens/IAWS/Projects/Biocontrol/gorse/AGRF_NXGSQCAGRF25080393-2_23MVYYLT3_gbs-2/fastq/20251204_GL_001_04-1B_GGTCGTAA_2.fastq.gz
20251204_GL_002_01-1E,/group/pathogens/IAWS/Projects/Biocontrol/gorse/AGRF_NXGSQCAGRF25080393-2_23MVYYLT3_gbs-2/fastq/20251204_GL_002_01-1E_CCACG_1.fastq.gz,/group/pathogens/IAWS/Projects/Biocontrol/gorse/AGRF_NXGSQCAGRF25080393-2_23MVYYLT3_gbs-2/fastq/20251204_GL_002_01-1E_CCACG_2.fastq.gz
20251204_GL_002_02-1E,/group/pathogens/IAWS/Projects/Biocontrol/gorse/AGRF_NXGSQCAGRF25080393-2_23MVYYLT3_gbs-2/fastq/20251204_GL_002_02-1E_TATAA_1.fastq.gz,/group/pathogens/IAWS/Projects/Biocontrol/gorse/AGRF_NXGSQCAGRF25080393-2_23MVYYLT3_gbs-2/fastq/20251204_GL_002_02-1E_TATAA_2.fastq.gz
20251204_GL_002_03-1E,/group/pathogens/IAWS/Projects/Biocontrol/gorse/AGRF_NXGSQCAGRF25080393-2_23MVYYLT3_gbs-2/fastq/20251204_GL_002_03-1E_GAGCG_1.fastq.gz,/group/pathogens/IAWS/Projects/Biocontrol/gorse/AGRF_NXGSQCAGRF25080393-2_23MVYYLT3_gbs-2/fastq/20251204_GL_002_03-1E_GAGCG_2.fastq.gz
20251204_GL_002_04-1E,/group/pathogens/IAWS/Projects/Biocontrol/gorse/AGRF_NXGSQCAGRF25080393-2_23MVYYLT3_gbs-2/fastq/20251204_GL_002_04-1E_ACATA_1.fastq.gz,/group/pathogens/IAWS/Projects/Biocontrol/gorse/AGRF_NXGSQCAGRF25080393-2_23MVYYLT3_gbs-2/fastq/20251204_GL_002_04-1E_ACATA_2.fastq.gz
20251204_GL_003_01-1B,/group/pathogens/IAWS/Projects/Biocontrol/gorse/AGRF_NXGSQCAGRF25080393-2_23MVYYLT3_gbs-2/fastq/20251204_GL_003_01-1B_AGATCCA_1.fastq.gz,/group/pathogens/IAWS/Projects/Biocontrol/gorse/AGRF_NXGSQCAGRF25080393-2_23MVYYLT3_gbs-2/fastq/20251204_GL_003_01-1B_AGATCCA_2.fastq.gz
20251204_GL_003_02-1B,/group/pathogens/IAWS/Projects/Biocontrol/gorse/AGRF_NXGSQCAGRF25080393-2_23MVYYLT3_gbs-2/fastq/20251204_GL_003_02-1B_CATAGCA_1.fastq.gz,/group/pathogens/IAWS/Projects/Biocontrol/gorse/AGRF_NXGSQCAGRF25080393-2_23MVYYLT3_gbs-2/fastq/20251204_GL_003_02-1B_CATAGCA_2.fastq.gz
20251204_GL_003_03-1B,/group/pathogens/IAWS/Projects/Biocontrol/gorse/AGRF_NXGSQCAGRF25080393-2_23MVYYLT3_gbs-2/fastq/20251204_GL_003_03-1B_TCCGACA_1.fastq.gz,/group/pathogens/IAWS/Projects/Biocontrol/gorse/AGRF_NXGSQCAGRF25080393-2_23MVYYLT3_gbs-2/fastq/20251204_GL_003_03-1B_TCCGACA_2.fastq.gz
20251204_GL_003_04-1B,/group/pathogens/IAWS/Projects/Biocontrol/gorse/AGRF_NXGSQCAGRF25080393-2_23MVYYLT3_gbs-2/fastq/20251204_GL_003_04-1B_TGGACCA_1.fastq.gz,/group/pathogens/IAWS/Projects/Biocontrol/gorse/AGRF_NXGSQCAGRF25080393-2_23MVYYLT3_gbs-2/fastq/20251204_GL_003_04-1B_TGGACCA_2.fastq.gz
20251204_GL_004_01-1E,/group/pathogens/IAWS/Projects/Biocontrol/gorse/AGRF_NXGSQCAGRF25080393-2_23MVYYLT3_gbs-2/fastq/20251204_GL_004_01-1E_AACT_1.fastq.gz,/group/pathogens/IAWS/Projects/Biocontrol/gorse/AGRF_NXGSQCAGRF25080393-2_23MVYYLT3_gbs-2/fastq/20251204_GL_004_01-1E_AACT_2.fastq.gz
20251204_GL_004_02-1E,/group/pathogens/IAWS/Projects/Biocontrol/gorse/AGRF_NXGSQCAGRF25080393-2_23MVYYLT3_gbs-2/fastq/20251204_GL_004_02-1E_CCAG_1.fastq.gz,/group/pathogens/IAWS/Projects/Biocontrol/gorse/AGRF_NXGSQCAGRF25080393-2_23MVYYLT3_gbs-2/fastq/20251204_GL_004_02-1E_CCAG_2.fastq.gz
20251204_GL_004_03-1E,/group/pathogens/IAWS/Projects/Biocontrol/gorse/AGRF_NXGSQCAGRF25080393-2_23MVYYLT3_gbs-2/fastq/20251204_GL_004_03-1E_TTGA_1.fastq.gz,/group/pathogens/IAWS/Projects/Biocontrol/gorse/AGRF_NXGSQCAGRF25080393-2_23MVYYLT3_gbs-2/fastq/20251204_GL_004_03-1E_TTGA_2.fastq.gz
20251204_GL_004_04-1E,/group/pathogens/IAWS/Projects/Biocontrol/gorse/AGRF_NXGSQCAGRF25080393-2_23MVYYLT3_gbs-2/fastq/20251204_GL_004_04-1E_GGTA_1.fastq.gz,/group/pathogens/IAWS/Projects/Biocontrol/gorse/AGRF_NXGSQCAGRF25080393-2_23MVYYLT3_gbs-2/fastq/20251204_GL_004_04-1E_GGTA_2.fastq.gz
20251205_GL_001_01-1B,/group/pathogens/IAWS/Projects/Biocontrol/gorse/AGRF_NXGSQCAGRF25080393-2_23MVYYLT3_gbs-2/fastq/20251205_GL_001_01-1B_AATGCA_1.fastq.gz,/group/pathogens/IAWS/Projects/Biocontrol/gorse/AGRF_NXGSQCAGRF25080393-2_23MVYYLT3_gbs-2/fastq/20251205_GL_001_01-1B_AATGCA_2.fastq.gz
20251205_GL_001_02-1B,/group/pathogens/IAWS/Projects/Biocontrol/gorse/AGRF_NXGSQCAGRF25080393-2_23MVYYLT3_gbs-2/fastq/20251205_GL_001_02-1B_CCGTCA_1.fastq.gz,/group/pathogens/IAWS/Projects/Biocontrol/gorse/AGRF_NXGSQCAGRF25080393-2_23MVYYLT3_gbs-2/fastq/20251205_GL_001_02-1B_CCGTCA_2.fastq.gz
20251205_GL_001_03-1B,/group/pathogens/IAWS/Projects/Biocontrol/gorse/AGRF_NXGSQCAGRF25080393-2_23MVYYLT3_gbs-2/fastq/20251205_GL_001_03-1B_TTACGA_1.fastq.gz,/group/pathogens/IAWS/Projects/Biocontrol/gorse/AGRF_NXGSQCAGRF25080393-2_23MVYYLT3_gbs-2/fastq/20251205_GL_001_03-1B_TTACGA_2.fastq.gz
20251205_GL_001_04-1B,/group/pathogens/IAWS/Projects/Biocontrol/gorse/AGRF_NXGSQCAGRF25080393-2_23MVYYLT3_gbs-2/fastq/20251205_GL_001_04-1B_CGTACA_1.fastq.gz,/group/pathogens/IAWS/Projects/Biocontrol/gorse/AGRF_NXGSQCAGRF25080393-2_23MVYYLT3_gbs-2/fastq/20251205_GL_001_04-1B_CGTACA_2.fastq.gz
20251205_GL_002_01-1B,/group/pathogens/IAWS/Projects/Biocontrol/gorse/AGRF_NXGSQCAGRF25080393-2_23MVYYLT3_gbs-2/fastq/20251205_GL_002_01-1B_GACTAA_1.fastq.gz,/group/pathogens/IAWS/Projects/Biocontrol/gorse/AGRF_NXGSQCAGRF25080393-2_23MVYYLT3_gbs-2/fastq/20251205_GL_002_01-1B_GACTAA_2.fastq.gz
20251205_GL_002_02-1B,/group/pathogens/IAWS/Projects/Biocontrol/gorse/AGRF_NXGSQCAGRF25080393-2_23MVYYLT3_gbs-2/fastq/20251205_GL_002_02-1B_ATGACA_1.fastq.gz,/group/pathogens/IAWS/Projects/Biocontrol/gorse/AGRF_NXGSQCAGRF25080393-2_23MVYYLT3_gbs-2/fastq/20251205_GL_002_02-1B_ATGACA_2.fastq.gz
20251205_GL_002_03-1B,/group/pathogens/IAWS/Projects/Biocontrol/gorse/AGRF_NXGSQCAGRF25080393-2_23MVYYLT3_gbs-2/fastq/20251205_GL_002_03-1B_TCACAG_1.fastq.gz,/group/pathogens/IAWS/Projects/Biocontrol/gorse/AGRF_NXGSQCAGRF25080393-2_23MVYYLT3_gbs-2/fastq/20251205_GL_002_03-1B_TCACAG_2.fastq.gz
20251205_GL_002_04-1B,/group/pathogens/IAWS/Projects/Biocontrol/gorse/AGRF_NXGSQCAGRF25080393-2_23MVYYLT3_gbs-2/fastq/20251205_GL_002_04-1B_GTCGGA_1.fastq.gz,/group/pathogens/IAWS/Projects/Biocontrol/gorse/AGRF_NXGSQCAGRF25080393-2_23MVYYLT3_gbs-2/fastq/20251205_GL_002_04-1B_GTCGGA_2.fastq.gz
20251205_JS_001_01-1B,/group/pathogens/IAWS/Projects/Biocontrol/gorse/AGRF_NXGSQCAGRF25080393-2_23MVYYLT3_gbs-2/fastq/20251205_JS_001_01-1B_CGGT_1.fastq.gz,/group/pathogens/IAWS/Projects/Biocontrol/gorse/AGRF_NXGSQCAGRF25080393-2_23MVYYLT3_gbs-2/fastq/20251205_JS_001_01-1B_CGGT_2.fastq.gz
20251205_JS_001_02-1B,/group/pathogens/IAWS/Projects/Biocontrol/gorse/AGRF_NXGSQCAGRF25080393-2_23MVYYLT3_gbs-2/fastq/20251205_JS_001_02-1B_TGCG_1.fastq.gz,/group/pathogens/IAWS/Projects/Biocontrol/gorse/AGRF_NXGSQCAGRF25080393-2_23MVYYLT3_gbs-2/fastq/20251205_JS_001_02-1B_TGCG_2.fastq.gz
20251205_JS_001_03-1B,/group/pathogens/IAWS/Projects/Biocontrol/gorse/AGRF_NXGSQCAGRF25080393-2_23MVYYLT3_gbs-2/fastq/20251205_JS_001_03-1B_GTAT_1.fastq.gz,/group/pathogens/IAWS/Projects/Biocontrol/gorse/AGRF_NXGSQCAGRF25080393-2_23MVYYLT3_gbs-2/fastq/20251205_JS_001_03-1B_GTAT_2.fastq.gz
20251205_JS_001_04-1B,/group/pathogens/IAWS/Projects/Biocontrol/gorse/AGRF_NXGSQCAGRF25080393-2_23MVYYLT3_gbs-2/fastq/20251205_JS_001_04-1B_AACCA_1.fastq.gz,/group/pathogens/IAWS/Projects/Biocontrol/gorse/AGRF_NXGSQCAGRF25080393-2_23MVYYLT3_gbs-2/fastq/20251205_JS_001_04-1B_AACCA_2.fastq.gz
20251205_JS_001_05-1B,/group/pathogens/IAWS/Projects/Biocontrol/gorse/AGRF_NXGSQCAGRF25080393-2_23MVYYLT3_gbs-2/fastq/20251205_JS_001_05-1B_CCACG_1.fastq.gz,/group/pathogens/IAWS/Projects/Biocontrol/gorse/AGRF_NXGSQCAGRF25080393-2_23MVYYLT3_gbs-2/fastq/20251205_JS_001_05-1B_CCACG_2.fastq.gz
20251205_JS_002_01-1B,/group/pathogens/IAWS/Projects/Biocontrol/gorse/AGRF_NXGSQCAGRF25080393-2_23MVYYLT3_gbs-2/fastq/20251205_JS_002_01-1B_AGCATCA_1.fastq.gz,/group/pathogens/IAWS/Projects/Biocontrol/gorse/AGRF_NXGSQCAGRF25080393-2_23MVYYLT3_gbs-2/fastq/20251205_JS_002_01-1B_AGCATCA_2.fastq.gz
20251205_JS_002_02-1B,/group/pathogens/IAWS/Projects/Biocontrol/gorse/AGRF_NXGSQCAGRF25080393-2_23MVYYLT3_gbs-2/fastq/20251205_JS_002_02-1B_CCATAGA_1.fastq.gz,/group/pathogens/IAWS/Projects/Biocontrol/gorse/AGRF_NXGSQCAGRF25080393-2_23MVYYLT3_gbs-2/fastq/20251205_JS_002_02-1B_CCATAGA_2.fastq.gz
20251205_JS_002_03-1B,/group/pathogens/IAWS/Projects/Biocontrol/gorse/AGRF_NXGSQCAGRF25080393-2_23MVYYLT3_gbs-2/fastq/20251205_JS_002_03-1B_TTGCCACA_1.fastq.gz,/group/pathogens/IAWS/Projects/Biocontrol/gorse/AGRF_NXGSQCAGRF25080393-2_23MVYYLT3_gbs-2/fastq/20251205_JS_002_03-1B_TTGCCACA_2.fastq.gz
20251205_JS_002_04-1B,/group/pathogens/IAWS/Projects/Biocontrol/gorse/AGRF_NXGSQCAGRF25080393-2_23MVYYLT3_gbs-2/fastq/20251205_JS_002_04-1B_GGTGGCCA_1.fastq.gz,/group/pathogens/IAWS/Projects/Biocontrol/gorse/AGRF_NXGSQCAGRF25080393-2_23MVYYLT3_gbs-2/fastq/20251205_JS_002_04-1B_GGTGGCCA_2.fastq.gz
20251218_GL_001_01-1E,/group/pathogens/IAWS/Projects/Biocontrol/gorse/AGRF_NXGSQCAGRF25080393-2_23MVYYLT3_gbs-2/fastq/20251218_GL_001_01-1E_TGCTCA_1.fastq.gz,/group/pathogens/IAWS/Projects/Biocontrol/gorse/AGRF_NXGSQCAGRF25080393-2_23MVYYLT3_gbs-2/fastq/20251218_GL_001_01-1E_TGCTCA_2.fastq.gz
20251218_GL_001_02-1E,/group/pathogens/IAWS/Projects/Biocontrol/gorse/AGRF_NXGSQCAGRF25080393-2_23MVYYLT3_gbs-2/fastq/20251218_GL_001_02-1E_GTTCCA_1.fastq.gz,/group/pathogens/IAWS/Projects/Biocontrol/gorse/AGRF_NXGSQCAGRF25080393-2_23MVYYLT3_gbs-2/fastq/20251218_GL_001_02-1E_GTTCCA_2.fastq.gz
20251218_GL_001_03-1E,/group/pathogens/IAWS/Projects/Biocontrol/gorse/AGRF_NXGSQCAGRF25080393-2_23MVYYLT3_gbs-2/fastq/20251218_GL_001_03-1E_AATGCA_1.fastq.gz,/group/pathogens/IAWS/Projects/Biocontrol/gorse/AGRF_NXGSQCAGRF25080393-2_23MVYYLT3_gbs-2/fastq/20251218_GL_001_03-1E_AATGCA_2.fastq.gz
20251218_GL_001_04-1E,/group/pathogens/IAWS/Projects/Biocontrol/gorse/AGRF_NXGSQCAGRF25080393-2_23MVYYLT3_gbs-2/fastq/20251218_GL_001_04-1E_CCGTCA_1.fastq.gz,/group/pathogens/IAWS/Projects/Biocontrol/gorse/AGRF_NXGSQCAGRF25080393-2_23MVYYLT3_gbs-2/fastq/20251218_GL_001_04-1E_CCGTCA_2.fastq.gz
20251218_GL_002_01-1E,/group/pathogens/IAWS/Projects/Biocontrol/gorse/AGRF_NXGSQCAGRF25080393-2_23MVYYLT3_gbs-2/fastq/20251218_GL_002_01-1E_TTACGA_1.fastq.gz,/group/pathogens/IAWS/Projects/Biocontrol/gorse/AGRF_NXGSQCAGRF25080393-2_23MVYYLT3_gbs-2/fastq/20251218_GL_002_01-1E_TTACGA_2.fastq.gz
20251218_GL_002_02-1E,/group/pathogens/IAWS/Projects/Biocontrol/gorse/AGRF_NXGSQCAGRF25080393-2_23MVYYLT3_gbs-2/fastq/20251218_GL_002_02-1E_CGTACA_1.fastq.gz,/group/pathogens/IAWS/Projects/Biocontrol/gorse/AGRF_NXGSQCAGRF25080393-2_23MVYYLT3_gbs-2/fastq/20251218_GL_002_02-1E_CGTACA_2.fastq.gz
20251218_GL_002_03-1E,/group/pathogens/IAWS/Projects/Biocontrol/gorse/AGRF_NXGSQCAGRF25080393-2_23MVYYLT3_gbs-2/fastq/20251218_GL_002_03-1E_GACTAA_1.fastq.gz,/group/pathogens/IAWS/Projects/Biocontrol/gorse/AGRF_NXGSQCAGRF25080393-2_23MVYYLT3_gbs-2/fastq/20251218_GL_002_03-1E_GACTAA_2.fastq.gz
20251218_GL_002_04-1E,/group/pathogens/IAWS/Projects/Biocontrol/gorse/AGRF_NXGSQCAGRF25080393-2_23MVYYLT3_gbs-2/fastq/20251218_GL_002_04-1E_ATGACA_1.fastq.gz,/group/pathogens/IAWS/Projects/Biocontrol/gorse/AGRF_NXGSQCAGRF25080393-2_23MVYYLT3_gbs-2/fastq/20251218_GL_002_04-1E_ATGACA_2.fastq.gz
20251223_AJ_001_01-1E,/group/pathogens/IAWS/Projects/Biocontrol/gorse/AGRF_NXGSQCAGRF25080393-2_23MVYYLT3_gbs-2/fastq/20251223_AJ_001_01-1E_TCACAG_1.fastq.gz,/group/pathogens/IAWS/Projects/Biocontrol/gorse/AGRF_NXGSQCAGRF25080393-2_23MVYYLT3_gbs-2/fastq/20251223_AJ_001_01-1E_TCACAG_2.fastq.gz
20251223_AJ_001_02-1E,/group/pathogens/IAWS/Projects/Biocontrol/gorse/AGRF_NXGSQCAGRF25080393-2_23MVYYLT3_gbs-2/fastq/20251223_AJ_001_02-1E_GTCGGA_1.fastq.gz,/group/pathogens/IAWS/Projects/Biocontrol/gorse/AGRF_NXGSQCAGRF25080393-2_23MVYYLT3_gbs-2/fastq/20251223_AJ_001_02-1E_GTCGGA_2.fastq.gz
20251223_AJ_001_03-1E,/group/pathogens/IAWS/Projects/Biocontrol/gorse/AGRF_NXGSQCAGRF25080393-2_23MVYYLT3_gbs-2/fastq/20251223_AJ_001_03-1E_AGATCCA_1.fastq.gz,/group/pathogens/IAWS/Projects/Biocontrol/gorse/AGRF_NXGSQCAGRF25080393-2_23MVYYLT3_gbs-2/fastq/20251223_AJ_001_03-1E_AGATCCA_2.fastq.gz
20251223_AJ_001_04-1E,/group/pathogens/IAWS/Projects/Biocontrol/gorse/AGRF_NXGSQCAGRF25080393-2_23MVYYLT3_gbs-2/fastq/20251223_AJ_001_04-1E_CATAGCA_1.fastq.gz,/group/pathogens/IAWS/Projects/Biocontrol/gorse/AGRF_NXGSQCAGRF25080393-2_23MVYYLT3_gbs-2/fastq/20251223_AJ_001_04-1E_CATAGCA_2.fastq.gz
20260112_JP_GSSM_2017-7_01-1E,/group/pathogens/IAWS/Projects/Biocontrol/gorse/AGRF_NXGSQCAGRF25080393-2_23MVYYLT3_gbs-2/fastq/20260112_JP_GSSM_2017-7_01-1E_TCCGACA_1.fastq.gz,/group/pathogens/IAWS/Projects/Biocontrol/gorse/AGRF_NXGSQCAGRF25080393-2_23MVYYLT3_gbs-2/fastq/20260112_JP_GSSM_2017-7_01-1E_TCCGACA_2.fastq.gz
20260112_JP_GSSM_2017-7_02-1E,/group/pathogens/IAWS/Projects/Biocontrol/gorse/AGRF_NXGSQCAGRF25080393-2_23MVYYLT3_gbs-2/fastq/20260112_JP_GSSM_2017-7_02-1E_TGGACCA_1.fastq.gz,/group/pathogens/IAWS/Projects/Biocontrol/gorse/AGRF_NXGSQCAGRF25080393-2_23MVYYLT3_gbs-2/fastq/20260112_JP_GSSM_2017-7_02-1E_TGGACCA_2.fastq.gz
20260112_JP_GSSM_2017-7_03-1E,/group/pathogens/IAWS/Projects/Biocontrol/gorse/AGRF_NXGSQCAGRF25080393-2_23MVYYLT3_gbs-2/fastq/20260112_JP_GSSM_2017-7_03-1E_GACCTCA_1.fastq.gz,/group/pathogens/IAWS/Projects/Biocontrol/gorse/AGRF_NXGSQCAGRF25080393-2_23MVYYLT3_gbs-2/fastq/20260112_JP_GSSM_2017-7_03-1E_GACCTCA_2.fastq.gz
20260112_JP_GSSM_2017-7_04-1E,/group/pathogens/IAWS/Projects/Biocontrol/gorse/AGRF_NXGSQCAGRF25080393-2_23MVYYLT3_gbs-2/fastq/20260112_JP_GSSM_2017-7_04-1E_ACTCGCA_1.fastq.gz,/group/pathogens/IAWS/Projects/Biocontrol/gorse/AGRF_NXGSQCAGRF25080393-2_23MVYYLT3_gbs-2/fastq/20260112_JP_GSSM_2017-7_04-1E_ACTCGCA_2.fastq.gz
20260112_JP_GSSM_2017-7_05-1E,/group/pathogens/IAWS/Projects/Biocontrol/gorse/AGRF_NXGSQCAGRF25080393-2_23MVYYLT3_gbs-2/fastq/20260112_JP_GSSM_2017-7_05-1E_CTAGACA_1.fastq.gz,/group/pathogens/IAWS/Projects/Biocontrol/gorse/AGRF_NXGSQCAGRF25080393-2_23MVYYLT3_gbs-2/fastq/20260112_JP_GSSM_2017-7_05-1E_CTAGACA_2.fastq.gz
20260115_GL_001_01-1B,/group/pathogens/IAWS/Projects/Biocontrol/gorse/AGRF_NXGSQCAGRF25080393-2_23MVYYLT3_gbs-2/fastq/20260115_GL_001_01-1B_CGGCA_1.fastq.gz,/group/pathogens/IAWS/Projects/Biocontrol/gorse/AGRF_NXGSQCAGRF25080393-2_23MVYYLT3_gbs-2/fastq/20260115_GL_001_01-1B_CGGCA_2.fastq.gz
20260115_GL_001_02-1B,/group/pathogens/IAWS/Projects/Biocontrol/gorse/AGRF_NXGSQCAGRF25080393-2_23MVYYLT3_gbs-2/fastq/20260115_GL_001_02-1B_GAAGA_1.fastq.gz,/group/pathogens/IAWS/Projects/Biocontrol/gorse/AGRF_NXGSQCAGRF25080393-2_23MVYYLT3_gbs-2/fastq/20260115_GL_001_02-1B_GAAGA_2.fastq.gz
20260115_GL_001_03-1B,/group/pathogens/IAWS/Projects/Biocontrol/gorse/AGRF_NXGSQCAGRF25080393-2_23MVYYLT3_gbs-2/fastq/20260115_GL_001_03-1B_ACGAG_1.fastq.gz,/group/pathogens/IAWS/Projects/Biocontrol/gorse/AGRF_NXGSQCAGRF25080393-2_23MVYYLT3_gbs-2/fastq/20260115_GL_001_03-1B_ACGAG_2.fastq.gz
20260115_GL_001_04-1B,/group/pathogens/IAWS/Projects/Biocontrol/gorse/AGRF_NXGSQCAGRF25080393-2_23MVYYLT3_gbs-2/fastq/20260115_GL_001_04-1B_TGCTCA_1.fastq.gz,/group/pathogens/IAWS/Projects/Biocontrol/gorse/AGRF_NXGSQCAGRF25080393-2_23MVYYLT3_gbs-2/fastq/20260115_GL_001_04-1B_TGCTCA_2.fastq.gz
20260115_GL_001_05-1B,/group/pathogens/IAWS/Projects/Biocontrol/gorse/AGRF_NXGSQCAGRF25080393-2_23MVYYLT3_gbs-2/fastq/20260115_GL_001_05-1B_GTTCCA_1.fastq.gz,/group/pathogens/IAWS/Projects/Biocontrol/gorse/AGRF_NXGSQCAGRF25080393-2_23MVYYLT3_gbs-2/fastq/20260115_GL_001_05-1B_GTTCCA_2.fastq.gz
20260122_JE__001_01-1E,/group/pathogens/IAWS/Projects/Biocontrol/gorse/AGRF_NXGSQCAGRF25080393-2_23MVYYLT3_gbs-2/fastq/20260122_JE__001_01-1E_GAGTCCA_1.fastq.gz,/group/pathogens/IAWS/Projects/Biocontrol/gorse/AGRF_NXGSQCAGRF25080393-2_23MVYYLT3_gbs-2/fastq/20260122_JE__001_01-1E_GAGTCCA_2.fastq.gz
20260122_JE__001_02-1E,/group/pathogens/IAWS/Projects/Biocontrol/gorse/AGRF_NXGSQCAGRF25080393-2_23MVYYLT3_gbs-2/fastq/20260122_JE__001_02-1E_AGCATCA_1.fastq.gz,/group/pathogens/IAWS/Projects/Biocontrol/gorse/AGRF_NXGSQCAGRF25080393-2_23MVYYLT3_gbs-2/fastq/20260122_JE__001_02-1E_AGCATCA_2.fastq.gz
20260122_JE__001_03-1E,/group/pathogens/IAWS/Projects/Biocontrol/gorse/AGRF_NXGSQCAGRF25080393-2_23MVYYLT3_gbs-2/fastq/20260122_JE__001_03-1E_CCATAGA_1.fastq.gz,/group/pathogens/IAWS/Projects/Biocontrol/gorse/AGRF_NXGSQCAGRF25080393-2_23MVYYLT3_gbs-2/fastq/20260122_JE__001_03-1E_CCATAGA_2.fastq.gz
20260122_JE__001_04-1E,/group/pathogens/IAWS/Projects/Biocontrol/gorse/AGRF_NXGSQCAGRF25080393-2_23MVYYLT3_gbs-2/fastq/20260122_JE__001_04-1E_TTGCCACA_1.fastq.gz,/group/pathogens/IAWS/Projects/Biocontrol/gorse/AGRF_NXGSQCAGRF25080393-2_23MVYYLT3_gbs-2/fastq/20260122_JE__001_04-1E_TTGCCACA_2.fastq.gz
20260122_WH_GateHA3_01-1E,/group/pathogens/IAWS/Projects/Biocontrol/gorse/AGRF_NXGSQCAGRF25080393-2_23MVYYLT3_gbs-2/fastq/20260122_WH_GateHA3_01-1E_GGTGGCCA_1.fastq.gz,/group/pathogens/IAWS/Projects/Biocontrol/gorse/AGRF_NXGSQCAGRF25080393-2_23MVYYLT3_gbs-2/fastq/20260122_WH_GateHA3_01-1E_GGTGGCCA_2.fastq.gz
20260122_WH_GateHA3_02-1E,/group/pathogens/IAWS/Projects/Biocontrol/gorse/AGRF_NXGSQCAGRF25080393-2_23MVYYLT3_gbs-2/fastq/20260122_WH_GateHA3_02-1E_AACAACGT_1.fastq.gz,/group/pathogens/IAWS/Projects/Biocontrol/gorse/AGRF_NXGSQCAGRF25080393-2_23MVYYLT3_gbs-2/fastq/20260122_WH_GateHA3_02-1E_AACAACGT_2.fastq.gz
20260122_WH_GateHA3_03-1E,/group/pathogens/IAWS/Projects/Biocontrol/gorse/AGRF_NXGSQCAGRF25080393-2_23MVYYLT3_gbs-2/fastq/20260122_WH_GateHA3_03-1E_CCACCATG_1.fastq.gz,/group/pathogens/IAWS/Projects/Biocontrol/gorse/AGRF_NXGSQCAGRF25080393-2_23MVYYLT3_gbs-2/fastq/20260122_WH_GateHA3_03-1E_CCACCATG_2.fastq.gz
20260122_WH_GateHA3_04-1E,/group/pathogens/IAWS/Projects/Biocontrol/gorse/AGRF_NXGSQCAGRF25080393-2_23MVYYLT3_gbs-2/fastq/20260122_WH_GateHA3_04-1E_TTGTTGCA_1.fastq.gz,/group/pathogens/IAWS/Projects/Biocontrol/gorse/AGRF_NXGSQCAGRF25080393-2_23MVYYLT3_gbs-2/fastq/20260122_WH_GateHA3_04-1E_TTGTTGCA_2.fastq.gz
251120_GL_001_01-1E,/group/pathogens/IAWS/Projects/Biocontrol/gorse/AGRF_NXGSQCAGRF25080393-2_23MVYYLT3_gbs-2/fastq/251120_GL_001_01-1E_ATTG_1.fastq.gz,/group/pathogens/IAWS/Projects/Biocontrol/gorse/AGRF_NXGSQCAGRF25080393-2_23MVYYLT3_gbs-2/fastq/251120_GL_001_01-1E_ATTG_2.fastq.gz
251120_GL_001_02-1E,/group/pathogens/IAWS/Projects/Biocontrol/gorse/AGRF_NXGSQCAGRF25080393-2_23MVYYLT3_gbs-2/fastq/251120_GL_001_02-1E_CGGT_1.fastq.gz,/group/pathogens/IAWS/Projects/Biocontrol/gorse/AGRF_NXGSQCAGRF25080393-2_23MVYYLT3_gbs-2/fastq/251120_GL_001_02-1E_CGGT_2.fastq.gz
251120_GL_001_03-1E,/group/pathogens/IAWS/Projects/Biocontrol/gorse/AGRF_NXGSQCAGRF25080393-2_23MVYYLT3_gbs-2/fastq/251120_GL_001_03-1E_TGCG_1.fastq.gz,/group/pathogens/IAWS/Projects/Biocontrol/gorse/AGRF_NXGSQCAGRF25080393-2_23MVYYLT3_gbs-2/fastq/251120_GL_001_03-1E_TGCG_2.fastq.gz
251120_GL_001_04-1E,/group/pathogens/IAWS/Projects/Biocontrol/gorse/AGRF_NXGSQCAGRF25080393-2_23MVYYLT3_gbs-2/fastq/251120_GL_001_04-1E_GTAT_1.fastq.gz,/group/pathogens/IAWS/Projects/Biocontrol/gorse/AGRF_NXGSQCAGRF25080393-2_23MVYYLT3_gbs-2/fastq/251120_GL_001_04-1E_GTAT_2.fastq.gz
251120_GL_001_05-1E,/group/pathogens/IAWS/Projects/Biocontrol/gorse/AGRF_NXGSQCAGRF25080393-2_23MVYYLT3_gbs-2/fastq/251120_GL_001_05-1E_AACCA_1.fastq.gz,/group/pathogens/IAWS/Projects/Biocontrol/gorse/AGRF_NXGSQCAGRF25080393-2_23MVYYLT3_gbs-2/fastq/251120_GL_001_05-1E_AACCA_2.fastq.gz
